"	Android Devices",,
Mar-24,,
Device,# users,"	%"
"	Samsung Galaxy S21 5G",26279,4.32%
"	Samsung Galaxy S22",25034,4.11%
"	Samsung Galaxy S23 Ultra",24270,3.99%
"	Samsung Galaxy S22 Ultra",22188,3.65%
"	Samsung Galaxy S23",15502,2.55%
"	Google Pixel 6",15150,2.49%
"	Samsung Galaxy S21 Ultra 5G",14647,2.41%
"	Samsung Galaxy S20",14442,2.37%
"	Google Pixel 7",13653,2.24%
"	Samsung Galaxy S20 FE",13456,2.21%
"	Samsung Galaxy A52s 5G",13424,2.21%
"	Samsung Galaxy S10",12818,2.11%
"	Samsung Galaxy A53 5G",12079,1.98%
"	Samsung Galaxy A12",11833,1.94%
"	Google Pixel 6a",11279,1.85%
"	Samsung Galaxy S20 FE 5G",10156,1.67%
"	Samsung Galaxy S21 FE 5G",9693,1.59%
"	Samsung Galaxy A54 5G",8494,1.40%
"	Samsung Galaxy S10+",7772,1.28%
"	Samsung Galaxy S9",7445,1.22%
"	Google Pixel 6 Pro",6718,1.10%
"	Samsung Galaxy S22+",6543,1.07%
"	Samsung Galaxy S24 Ultra",6210,1.02%
"	Samsung Galaxy S20+",6198,1.02%
"	Samsung Galaxy A34 5G",6076,1.00%
"	Google Pixel 7a",6042,0.99%
"	Samsung Galaxy A71",5587,0.92%
"	Samsung Galaxy S21+ 5G",5549,0.91%
"	Samsung Galaxy A32 5G",5464,0.90%
"	Samsung Galaxy A22 5G",5386,0.88%
"	Samsung Galaxy A14",5347,0.88%
"	Samsung Galaxy A21s",5309,0.87%
"	Samsung Galaxy Z Flip3 5G",5292,0.87%
"	Samsung Galaxy S8",5245,0.86%
"	Samsung Galaxy A51",5070,0.83%
"	Samsung Galaxy S23+",4889,0.80%
"	Samsung Galaxy Z Flip4",4552,0.75%
"	Samsung Galaxy Z Fold4",4514,0.74%
"	Samsung Galaxy Z Flip5",4478,0.74%
"	Google Pixel 4a",4407,0.72%
"	Samsung Galaxy A13",4068,0.67%
"	Samsung Galaxy A52 5G",3842,0.63%
"	Samsung Galaxy Note20 Ultra 5G",3580,0.59%
"	Samsung Galaxy S10e",3569,0.59%
"	Google Pixel 8",3566,0.59%
"	Google Pixel 5",3458,0.57%
"	Samsung Galaxy S9+",3433,0.56%
"	Huawei P20 Pro",3290,0.54%
"	Samsung Galaxy A33 5G",3247,0.53%
"	Redmi Note 10 Pro",3246,0.53%
"	Samsung Galaxy A20e",3243,0.53%
"	Huawei P30 Pro Premium",3215,0.53%
"	Samsung Galaxy Note 10+",3063,0.50%
"	Samsung Galaxy Z Fold3 5G",3023,0.50%
"	Huawei P30 Pro",2959,0.49%
"	Samsung Galaxy A40",2880,0.47%
"	Samsung Galaxy Z Fold5",2699,0.44%
"	Samsung Galaxy A70",2607,0.43%
"	Samsung Galaxy A50",2502,0.41%
"	Samsung Galaxy S23 FE",2287,0.38%
"	OnePlus Nord",2284,0.38%
"	Huawei P30 Lite",2220,0.36%
"	samsung galaxy Note9",2208,0.36%
"	Huawei Mate 20 Pro",2026,0.33%
"	Samsung Galaxy A41",1947,0.32%
"	Samsung Galaxy S24",1946,0.32%
"	Samsung Galaxy S10 Lite",1834,0.30%
"	Samsung Galaxy A23 5G",1723,0.28%
"	Samsung Galaxy A14 5G",1672,0.27%
"	Oneplus 8T",1620,0.27%
"	Oneplus Nord2 5G",1593,0.26%
"	POCO F3",1589,0.26%
"	Google Pixel 3a",1577,0.26%
"	OnePlus 9 Pro 5G",1553,0.26%
"	Oppo CPH2195",1511,0.25%
"	Huawei HUAWEI P30",1409,0.23%
"	Samsung Galaxy A04s",1380,0.23%
"	Samsung Galaxy S8+ Duos",1373,0.23%
"	Huawei HUAWEI P30 lite",1334,0.22%
"	Motorola moto g(50)",1318,0.22%
"	Huawei P smart 2019",1272,0.21%
"	Samsung Galaxy S24+",1244,0.20%
"	OnePlus 8 Pro",1184,0.19%
"	Redmi Note 10 5G",1171,0.19%
"	OnePlus 6T",1166,0.19%
"	Redmi Note 11",1144,0.19%
"	POCO X3 NFC",1115,0.18%
"	Motorola moto g31",1103,0.18%
"	Samsung Galaxy A42 5G",1095,0.18%
"	POCO X3 Pro",1094,0.18%
"	Motorola moto g(30)",1090,0.18%
"	Redmi Note 11 Pro 5G",1054,0.17%
"	Motorola moto g(7) power",1044,0.17%
"	Google Pixel 4 XL",1033,0.17%
"	Huawei P20",1025,0.17%
"	Redmi 10X 4G",1021,0.17%
"	Nothing Phone",1009,0.17%
"	Google Pixel 4a (5G)",1002,0.16%
"	Motorola moto g62 5G",984,0.16%
"	Oneplus 7T",983,0.16%
"	Oppo OPPO Find X3 Lite 5G",983,0.16%
"	Samsung Galaxy Note 8",978,0.16%
"	Samsung Galaxy S10 5G",974,0.16%
"	Oneplus 11 5G",973,0.16%
"	Motorola moto g22",959,0.16%
"	Samsung Galaxy Note20 5G",938,0.15%
"	OnePlus 6",908,0.15%
"	Motorola moto g(9) play",877,0.14%
"	Motorola moto g13",876,0.14%
"	Oppo CPH2173",856,0.14%
"	Huawei P20 Lite",842,0.14%
"	OnePlus Nord CE 5G",837,0.14%
"	Motorola moto e13",829,0.14%
"	Oppo Find x3 neo",827,0.14%
"	Oneplus Nord 2T 5G",826,0.14%
"	Xiaomi Mi 10T Lite",812,0.13%
"	OnePlus 7 Pro",808,0.13%
"	Motorola moto g(8) power lite",791,0.13%
"	Redmi Note 9 Pro",774,0.13%
"	Motorola moto g(8) power",771,0.13%
"	OnePlus 9",757,0.12%
"	Samsung Galaxy A03s",757,0.12%
"	Motorola moto g(10)",726,0.12%
"	OnePlus 8",717,0.12%
"	Google Pixel 3a XL",698,0.11%
"	Sony Xperia 10 III",668,0.11%
"	Samsung Galaxy M31",664,0.11%
"	Oppo OPPO Reno5 Z",656,0.11%
"	Huawei P30",652,0.11%
"	Xiaomi Redmi Note 8 Pro",648,0.11%
"	Oppo A72",642,0.11%
"	Samsung Galaxy Note 10",622,0.10%
"	Motorola moto g53 5G",608,0.10%
"	Motorola moto g32",607,0.10%
"	Sony Xperia 5 II",592,0.10%
"	Poco X4 Pro 5G",580,0.10%
"	Samsung Galaxy A13 5G",565,0.09%
"	Oppo A53",562,0.09%
"	Redmi Note 12",559,0.09%
"	OnePlus 5T",552,0.09%
"	Samsung Galaxy Tab A8",531,0.09%
"	Motorola Edge 20 Lite",518,0.09%
"	Sony Xperia 10 IV",514,0.08%
"	Oneplus Nord CE 2",512,0.08%
"	Redmi Note 10S",500,0.08%
"	Redmi Note 12 Pro 5G",499,0.08%
"	Sony Xperia 1 IV",497,0.08%
"	Huawei P Smart",493,0.08%
"	Huawei Mate 20 lite",491,0.08%
"	Samsung Galaxy Z Fold2 5G",490,0.08%
"	Samsung Galaxy A90 5G",485,0.08%
"	Motorola moto g73 5G",461,0.08%
"	Sony Xperia 1 II",455,0.07%
"	Google Pixel 3",452,0.07%
"	Oppo Find X2 Pro",450,0.07%
"	Samsung Galaxy Note10 Lite",440,0.07%
"	Motorola moto g(9) plus",439,0.07%
"	Sony Xperia 1 III",427,0.07%
"	Oppo Find X2 Lite",422,0.07%
"	Poco M4 Pro",422,0.07%
"	Redmi 10",421,0.07%
"	Samsung Galaxy A51 5G",418,0.07%
"	Motorola moto g 5G plus",414,0.07%
"	Oppo Find X2 Neo/Reno3 Pro",413,0.07%
"	Nothing Phone (2)",409,0.07%
"	Samsung Galaxy A7",408,0.07%
"	Motorola moto g82 5G",407,0.07%
"	Motorola moto g(8)",406,0.07%
"	Samsung Galaxy S20 5G",401,0.07%
"	Oppo A9 2020",393,0.06%
"	Oppo A5 2020",392,0.06%
"	Motorola moto g(8) plus",391,0.06%
"	Xiaomi Mi 11 Lite 5G",390,0.06%
"	Samsung Galaxy A8",387,0.06%
"	Samsung Galaxy Note20",384,0.06%
"	Samsung Galaxy A10",378,0.06%
"	Samsung Galaxy A72",362,0.06%
"	Motorola moto g54 5G",361,0.06%
"	Motorola moto g84 5G",359,0.06%
"	Sony Xperia 10 II",358,0.06%
"	Motorola Edge 20 Pro",357,0.06%
"	Xiaomi Mi 11",356,0.06%
"	Oneplus 7",348,0.06%
"	Samsung Galaxy M33 5G",345,0.06%
"	Oppo CPH2197",338,0.06%
"	Motorola moto g(60)s",333,0.05%
"	Samsung Galaxy A32",332,0.05%
"	Sony Xperia 1 V",332,0.05%
"	Sony Xperia 5",332,0.05%
"	Tcl Tab 8 Le",329,0.05%
"	Motorola moto g(9) power",328,0.05%
"	OnePlus 7T Pro",328,0.05%
"	Oppo Reno4 Pro",325,0.05%
"	Samsung Galaxy A03",324,0.05%
"	Xiaomi Mi 10T Pro",322,0.05%
"	Fairphone4",318,0.05%
"	Huawei HONOR 20",317,0.05%
"	Huawei Mate 10 Pro",315,0.05%
"	Samsung Galaxy A52",310,0.05%
"	Sony Xperia 10 V",310,0.05%
"	Samsung Galaxy A9",305,0.05%
"	Oneplus Nord Ce 3 Lite 5G",299,0.05%
"	Samsung Galaxy S7",299,0.05%
"	OnePlus 5",295,0.05%
"	Oppo CPH2185",294,0.05%
"	Redmi Note 11 Pro",292,0.05%
"	Redmi Note 9S",291,0.05%
"	Samsung Galaxy S20+ 5G",291,0.05%
"	Realme 8 5G",289,0.05%
"	Motorola moto g(7) plus",288,0.05%
"	Huawei HUAWEI P smart 2020",284,0.05%
"	Sony Xperia 5 III",282,0.05%
"	OnePlus Nord N10 5G",279,0.05%
"	Sony Xperia L3",277,0.05%
"	Motorola Edge 20",276,0.05%
"	Xiaomi Redmi Note 7",262,0.04%
"	Redmi Note 9T",259,0.04%
"	Sony Xperia L4",255,0.04%
"	Oneplus Nord CE 2 Lite 5G",253,0.04%
"	Redmi 9",253,0.04%
"	Redmi Note 12 Pro+ 5G",250,0.04%
"	Samsung Galaxy A31",245,0.04%
"	Samsung Galaxy S7 Edge",242,0.04%
"	Sony Xperia XZ1",242,0.04%
"	OnePlus 12",241,0.04%
"	Sony Xperia 1",239,0.04%
"	Samsung Galaxy A05s",233,0.04%
"	Google Pixel 2 XL",229,0.04%
"	Samsung Galaxy A04e",229,0.04%
"	Motorola moto e20",227,0.04%
"	Huawei Honor 10",226,0.04%
"	Samsung Galaxy A15 5G",222,0.04%
"	Samsung Galaxy M12",219,0.04%
"	Samsung Galaxy A23",217,0.04%
"	Realme 6",211,0.03%
"	Samsung Galaxy M32",209,0.03%
"	Google Pixel 2",204,0.03%
"	Sony Xperia XA2",204,0.03%
"	Samsung Galaxy M23 5G",195,0.03%
"	Samsung Galaxy Note10+",193,0.03%
"	Sony Xperia 5 IV",191,0.03%
"	OnePlus Nord N100",189,0.03%
"	Oneplus Nord 3 5G",189,0.03%
"	Xiaomi MI 9",186,0.03%
"	Huawei HONOR 9A",185,0.03%
"	Xiaomi Pocophone F1",182,0.03%
"	Xiaomi Mi 9T",180,0.03%
"	Samsung Galaxy M51",179,0.03%
"	Samsung Galaxy S20 Ultra 5G",179,0.03%
"	Poco F5",177,0.03%
"	Xiaomi Redmi Note 8",177,0.03%
"	OnePlus 7",171,0.03%
"	Oneplus9R",170,0.03%
"	Samsung Galaxy A15",170,0.03%
"	Samsung Galaxy M52 5G",169,0.03%
"	Poco F4",164,0.03%
"	Samsung Galaxy A02s",160,0.03%
"	OnePlus 3",159,0.03%
"	Samsung Galaxy M53 5G",159,0.03%
"	Realme  8",157,0.03%
"	Samsung Galaxy M13",157,0.03%
"	Oppo Reno 4Z 5G",156,0.03%
"	Samsung Galaxy A25 5G",156,0.03%
"	Samsung Galaxy A73 5G",155,0.03%
"	Fairphone3",154,0.03%
"	Motorola One Hyper",153,0.03%
"	Samsung Galaxy A03 Core",152,0.02%
"	OnePlus 9 5G",151,0.02%
"	Realme X50 5G",150,0.02%
"	Xiaomi Mi 9T Pro",150,0.02%
"	Realme 7 Pro",148,0.02%
"	Redmi Note 11 Pro+ 5G",144,0.02%
"	Samsung Galaxy S10 Plus",142,0.02%
"	Samsung Galaxy XCover 5",142,0.02%
"	Motorola moto e30",141,0.02%
"	Oneplus 8 Pro",141,0.02%
"	Samsung Galaxy A30s",141,0.02%
"	Samsung Galaxy Note 9",141,0.02%
"	Samsung Galaxy A04",140,0.02%
"	Huawei HUAWEI Mate 20 X (5G)",138,0.02%
"	Samsung Galaxy Tab A 10.1",132,0.02%
"	Motorola moto g23",131,0.02%
"	Oppo Reno 2",131,0.02%
"	Sony Xperia XZ2",131,0.02%
"	POCO F2 Pro",130,0.02%
"	Xiaomi Mi 10 Lite 5G",130,0.02%
"	Samsung Galaxy M30s",129,0.02%
"	OnePlus 7 Pro 5G",124,0.02%
"	Sony Xperia XZ3",122,0.02%
"	Huawei Honor 9",121,0.02%
"	Samsung Galaxy A5",120,0.02%
"	Asus ZenFone 8/ ASUS 8Z",119,0.02%
"	Motorola moto g14",119,0.02%
"	Oppo Reno4 5G",118,0.02%
"	Samsung Galaxy A22",117,0.02%
"	Samsung Galaxy A24",116,0.02%
"	Samsung Galaxy S10E",116,0.02%
"	Samsung Galaxy A20",115,0.02%
"	Samsung Galaxy A80",112,0.02%
"	Samsung Galaxy S23 Ultra 5G",112,0.02%
"	Xiaomi MI 10",111,0.02%
"	Oppo Find X2",110,0.02%
"	Sony Xperia 10",110,0.02%
"	Redmi Note 10",108,0.02%
"	Samsung Galaxy M31s",108,0.02%
"	Samsung Galaxy Tab S6 Lite",108,0.02%
"	Poco M5S",107,0.02%
"	Huawei Mate 20 X",106,0.02%
"	Huawei P10 Standard Edition",106,0.02%
"	Asus Zenfone 9",105,0.02%
"	Realme 6Pro",105,0.02%
"	Realme Gt Master Edition",103,0.02%
"	Samsung Galaxy A20s",103,0.02%
"	Oppo Realme 5 Pro",102,0.02%
"	Samsung Galaxy Note9",101,0.02%
"	Oneplus 7 Pro",100,0.02%
"	Samsung Galaxy S8+",100,0.02%
"	Samsung Galaxy Z Flip",100,0.02%
"	Xiaomi MI 8",100,0.02%
"	Oppo Reno2 Z",99,0.02%
"	Sony Xperia XZ",99,0.02%
"	Samsung Galaxy Z Flip 5G",97,0.02%
"	TCL 10 Pro",96,0.02%
"	Redmi 12C",95,0.02%
"	Redmi A2",95,0.02%
"	Realme 7 5G",93,0.02%
"	Samsung Galaxy Tab S7 FE",93,0.02%
"	Samsung Galaxy J4+",89,0.01%
"	Xiaomi Redmi Note 5 Pro",88,0.01%
"	Poco M3 Pro 5G",87,0.01%
"	Samsung Galaxy M22",87,0.01%
"	Redmi 10C",85,0.01%
"	Huawei HONOR 9X",83,0.01%
"	Xiaomi MI CC9 Pro",83,0.01%
"	Motorola moto g200 5G",81,0.01%
"	Asus Zenfone 10 (AI2302)",80,0.01%
"	Fairphone 5 5G",80,0.01%
"	Google Pixel 5a 5G",80,0.01%
"	Oppo Reno Z",80,0.01%
"	Realme 9 Pro+",79,0.01%
"	Oneplus 8",78,0.01%
"	Xiaomi Mi Note 10 Lite",78,0.01%
"	Motorola moto g(100)",77,0.01%
"	Huawei P40 Pro",75,0.01%
"	Redmi 12",74,0.01%
"	Motorola moto g pro",73,0.01%
"	Poco F4 Gt",73,0.01%
"	Redmi Note 13 Pro 5G",72,0.01%
"	Xiaomi Mi A2 Lite",71,0.01%
"	Samsung Galaxy Fold 5G",70,0.01%
"	TCL 10 5G",70,0.01%
"	Samsung Galaxy Tab A7 Lite",68,0.01%
"	Samsung Galaxy XCover 4s",68,0.01%
"	Sony Xperia PRO-I",68,0.01%
"	Ulefone Note 16 Pro",68,0.01%
"	Xiaomi Mi A2",68,0.01%
"	Poco M4 Pro 5G",67,0.01%
"	Samsung Galaxy Note10+ 5G",67,0.01%
"	Xiaomi Redmi Note 7 Pro",67,0.01%
"	Huawei Y9 Prime (2019)",66,0.01%
"	Xiaomi Mi 10T",66,0.01%
"	Realme 3Pro",65,0.01%
"	Tcl 40 Se",65,0.01%
"	Xiaomi Mi 11 Ultra",65,0.01%
"	Xiaomi Mi A3",65,0.01%
"	Redmi Note 9 Pro Max",64,0.01%
"	Oneplus 11R 5G",63,0.01%
"	Oneplus 7T Pro",63,0.01%
"	Samsung Galaxy Note10",63,0.01%
"	Samsung Galaxy Tab A7",63,0.01%
"	Samsung Galaxy A30",62,0.01%
"	Blu M8L",61,0.01%
"	LG Stylo 4",61,0.01%
"	Samsung Galaxy A50s",61,0.01%
"	Xiaomi Redmi 8A",61,0.01%
"	Sony Xperia XZ2 Compact",60,0.01%
"	Huawei Mate 20",58,0.01%
"	Samsung Galaxy Tab S8",58,0.01%
"	Tcl 20 R 5G",58,0.01%
"	Motorola Moto One Vision",57,0.01%
"	Motorola motorola one action",57,0.01%
"	OnePlus 8T",57,0.01%
"	Samsung Galaxy XCover Pro",57,0.01%
"	Sony Xperia 5 V",57,0.01%
"	Xiaomi MI 9 SE",56,0.01%
"	Xiaomi MI CC 9",56,0.01%
"	Blackview A80Pro",55,0.01%
"	Motorola motorola one hyper",55,0.01%
"	Realme GT 5G",55,0.01%
"	Oppo Reno 10x Room",54,0.01%
"	Redmi Note 11S",54,0.01%
"	Lenovo Tab M10 Plus 3Rd Gen",53,0.01%
"	Oppo Reno",53,0.01%
"	Huawei HUAWEI Mate 20",52,0.01%
"	Motorola motorola one macro",52,0.01%
"	Samsung Galaxy 9 Plus",52,0.01%
"	TCL 20 SE",52,0.01%
"	BlackBerry KEY2",51,0.01%
"	Realme GT 2",51,0.01%
"	Realme X50 Pro",51,0.01%
"	Cat S62 Pro",50,0.01%
"	Oppo Reno 10x Zoom",50,0.01%
"	Poco M5",50,0.01%
"	Realme 8 Pro",50,0.01%
"	Realme GT 2 Pro",50,0.01%
"	Realme X2Pro",50,0.01%
"	Samsung Galaxy A71 5G",49,0.01%
"	Motorola motorola one zoom",48,0.01%
"	Samsung Galaxy J6+",48,0.01%
"	Ulefone Note 9P",48,0.01%
"	Lenovo Tab M10 (3Rd Gen)",47,0.01%
"	Motorola moto e22",46,0.01%
"	Samsung Galaxy A11",46,0.01%
"	Oppo R17 Pro",45,0.01%
"	Realme RMX2040",45,0.01%
"	Motorola moto e(7i) power",44,0.01%
"	Motorola moto e‚Å∂ plus",44,0.01%
"	Realme 9Pro 5G",44,0.01%
"	Redmi Note 12 Pro",44,0.01%
"	Samsung Galaxy A7 (2018)",44,0.01%
"	Samsung Galaxy Tab S8+",44,0.01%
"	Vodafone Smart V10",44,0.01%
"	Amazon Fire HD 10",43,0.01%
"	Motorola moto g 5G - 2023",43,0.01%
"	Samsung Galaxy Note20 Ultra",43,0.01%
"	Samsung Galaxy S20 FE 5G UW",43,0.01%
"	Samsung Galaxy Tab S8 Ultra",43,0.01%
"	Xiaomi Mi MIX 3 5G",43,0.01%
"	Google Pixel Tablet",42,0.01%
"	Motorola moto g 5G (2022)",42,0.01%
"	Redmi 10 5G",42,0.01%
"	Samsung Galaxy Tab S8 Ultra 5G",42,0.01%
"	Samsung Galaxy M21",41,0.01%
"	HTC U11",40,0.01%
"	Asus ROG Phone 6 (AI2201)",38,0.01%
"	Lenovo Tab M8",38,0.01%
"	Motorola moto e40",38,0.01%
"	Oneplus 9Rt 5G",38,0.01%
"	Oppo A74",38,0.01%
"	Blackview A53",36,0.01%
"	Motorola ThinkPhone by Motorola",36,0.01%
"	Motorola moto e(7)",36,0.01%
"	Motorola moto g(7) play",36,0.01%
"	Xiaomi Mi A1",36,0.01%
"	OnePlus 12R",35,0.01%
"	Honor Pad X9",34,0.01%
"	Oppo Reno 6",34,0.01%
"	Redmi 9T",34,0.01%
"	Samsung Galaxy A02",34,0.01%
"	Samsung Galaxy XCover6 Pro",34,0.01%
"	Vivo Y33s",34,0.01%
"	Redmi Note 13 Pro+ 5G",33,0.01%
"	Sony Xperia XA2 Ultra",33,0.01%
"	TCL 20 5G",33,0.01%
"	Tcl 40 Nxtpaper 5G",33,0.01%
"	Xiaomi MI  MAX  3",33,0.01%
"	BlackBerry KEYone",32,0.01%
"	LGE V30",32,0.01%
"	Oneplus Nord N200 5G",32,0.01%
"	Realme X2",32,0.01%
"	Samsung Galaxy M32 5G",32,0.01%
"	Ulefone Armor X7 Pro",32,0.01%
"	Xiaomi MI  8  Pro",32,0.01%
"	Asus ZenFone 7 / 7 Pro (ZS670KS/ZS671KS)",31,0.01%
"	BlackBerry KEY2 LE",31,0.01%
"	Redmi Note 10 Pro Max",31,0.01%
"	Redmi Note 13",31,0.01%
"	Ulefone Power Armor 14 Pro",31,0.01%
"	Asus ROG Phone 5",30,0.00%
"	Blackview A52",30,0.00%
"	Cubot X30",30,0.00%
"	Htc Desire 22 5G",30,0.00%
"	Huawei HUAWEI P smart+ 2019",30,0.00%
"	Redmi 13C",30,0.00%
"	Samsung Galaxy A9 2018",30,0.00%
"	LG G6 Astro Black",29,0.00%
"	LG V60 ThinQ 5G",29,0.00%
"	LGE G8S ThinQ",29,0.00%
"	Realme Gt Neo 2",29,0.00%
"	Samsung Galaxy F62",29,0.00%
"	Vivo V2050",29,0.00%
"	Asus ZenFone 6 (ZS630KL) (WW) / 6Z (ZS630KL) (IN)",28,0.00%
"	Blackview A55",28,0.00%
"	Huawei HONOR 8A Pro",28,0.00%
"	Samsung Galaxy S23+ 5G",28,0.00%
"	Vivo V2059",28,0.00%
"	Huawei P10 Plus Standard Edition",27,0.00%
"	Lenovo Smrat Tab M8",27,0.00%
"	Motorola moto g stylus 5G - 2023",27,0.00%
"	Motorola moto g34 5G",27,0.00%
"	Redmi 10 2022",27,0.00%
"	Samsung Galaxy A05",27,0.00%
"	Ulefone Note 14",27,0.00%
"	Blackview A60 Pro",26,0.00%
"	Infinix Smart 7 Hd",26,0.00%
"	POCO X3",26,0.00%
"	Samsung Galaxy Tab S9 Ultra",26,0.00%
"	Ulefone Armor_X8_R_EEA",26,0.00%
"	Blackview A55 Pro",24,0.00%
"	Huawei P10 Lite",24,0.00%
"	Infinix Hot 30I",24,0.00%
"	Razer Phone 2",24,0.00%
"	Vivo V2053",24,0.00%
"	Asus ZenFone 8 Flip",23,0.00%
"	Blackview A100",23,0.00%
"	Google Pixel XL",23,0.00%
"	Huawei HUAWEI MediaPad M5 lite",23,0.00%
"	Huawei Mate 9",23,0.00%
"	Motorola moto e6s",23,0.00%
"	Motorola moto g pure",23,0.00%
"	Motorola moto g60",23,0.00%
"	Oukitel C21",23,0.00%
"	Realme X3",23,0.00%
"	Samsung Galaxy F23 5G",23,0.00%
"	Samsung Galaxy F41",23,0.00%
"	Xiaomi Mi 11i",23,0.00%
"	Xiaomi Redmi K30",23,0.00%
"	Asus ROG Phone 3",22,0.00%
"	Cubot MAX 3",22,0.00%
"	Doogee V30",22,0.00%
"	Motorola moto g power (2022)",22,0.00%
"	Motorola moto g stylus 5G",22,0.00%
"	Realme XT",22,0.00%
"	Redmi 9 Power",22,0.00%
"	Samsung Galaxy M34 5G",22,0.00%
"	TCL 10L",22,0.00%
"	Xiaomi Redmi 5 Plus",22,0.00%
"	Huawei Mate 10",21,0.00%
"	Lenovo Tab M8 (4Th Gen)",21,0.00%
"	Motorola moto g 5G",21,0.00%
"	Oppo F15",21,0.00%
"	Samsung Galaxy A8+(2018)",21,0.00%
"	Samsung Galaxy Tab A9+",21,0.00%
"	Sony Xperia XZ2 Premium",21,0.00%
"	Xiaomi Mi 11 Lite",21,0.00%
"	Xiaomi Redmi Note 6 Pro",21,0.00%
"	Doogee S88Pro",20,0.00%
"	HTC Desire 20 Pro",20,0.00%
"	Huawei HUAWEI MediaPad T5",20,0.00%
"	Oppo Reno 2F",20,0.00%
"	Oukitel K15 Plus",20,0.00%
"	POCO M3",20,0.00%
"	Ulefone Note 11P",20,0.00%
"	Vivo vivo  1907",20,0.00%
"	Wileyfox Swift 2",20,0.00%
"	Blackview BV9800Pro",19,0.00%
"	Cubot NOTE 20",19,0.00%
"	Cubot X50",19,0.00%
"	Google Pixel",19,0.00%
"	Huawei Nova 3i",19,0.00%
"	Huawei P40 lite",19,0.00%
"	LG G6",19,0.00%
"	Motorola moto e(7) plus",19,0.00%
"	Motorola moto g stylus 5G (2022)",19,0.00%
"	OnePlus 7T",19,0.00%
"	Oppo A54",19,0.00%
"	Oppo F19 Pro",19,0.00%
"	Samsung Galaxy Note10 5G",19,0.00%
"	Ulefone Armor X10 Pro",19,0.00%
"	Xiaomi Mi 10 Pro",19,0.00%
"	Blackview A85",18,0.00%
"	Blackview BV9900Pro",18,0.00%
"	LG V40 ThinQ",18,0.00%
"	Oukitel C33 EEA",18,0.00%
"	POCO X2",18,0.00%
"	Realme C35",18,0.00%
"	Redmi 12 5G",18,0.00%
"	Redmi Note 11T 5G",18,0.00%
"	Samsung Galaxy Tab S9",18,0.00%
"	Ulefone Power Armor 13",18,0.00%
"	Vivo V2025",18,0.00%
"	Doogee S96Pro",17,0.00%
"	Doogee S97Pro",17,0.00%
"	Honor Pad X8",17,0.00%
"	Huawei P20 lite",17,0.00%
"	Motorola moto g play (2021)",17,0.00%
"	Motorola moto g72",17,0.00%
"	Oppo CPH1893",17,0.00%
"	Oukitel WP5",17,0.00%
"	Realme 7",17,0.00%
"	Realme 9I",17,0.00%
"	Realme GT Neo",17,0.00%
"	Redmi Note 12 Turbo",17,0.00%
"	Tecno CAMON 19",17,0.00%
"	Vivo V2027",17,0.00%
"	Vivo V2040",17,0.00%
"	Xiaomi MIX 3",17,0.00%
"	Blackview A80Plus",16,0.00%
"	Blackview BV7100",16,0.00%
"	Huawei HUAWEI P smart 2021",16,0.00%
"	Motorola moto e32",16,0.00%
"	Motorola moto g52",16,0.00%
"	Motorola motorola razr 5G",16,0.00%
"	Oppo F17 Pro",16,0.00%
"	POCO M2 Pro",16,0.00%
"	Realme 9 5G",16,0.00%
"	Redmi Note 12 Pro + 5G",16,0.00%
"	Redmi Note 12S",16,0.00%
"	Samsung Galaxy M30",16,0.00%
"	Vivo V2022",16,0.00%
"	Vivo V2023",16,0.00%
"	Xiaomi MI MIX 2S",16,0.00%
"	Cubot X20_PRO",15,0.00%
"	Doogee S58Pro",15,0.00%
"	Google Nexus 5X",15,0.00%
"	HTC Desire 21 Pro 5G",15,0.00%
"	HTC U20 5G",15,0.00%
"	HUAWEI Y9 2019",15,0.00%
"	Huawei Huwei Mate 20 X",15,0.00%
"	Lenovo Tab P11 (2Nd Gen)",15,0.00%
"	Oppo OPPO Reno5 pro",15,0.00%
"	Realme C21",15,0.00%
"	Redmi K60",15,0.00%
"	Samsung Galaxy A6+",15,0.00%
"	Samsung Galaxy Tab S8 5G",15,0.00%
"	Samsung Galaxy Tab S8+ 5G",15,0.00%
"	Samsung Galaxy Tab S9+",15,0.00%
"	Sony Xperia XA1",15,0.00%
"	Ulefone Armor 17 Pro",15,0.00%
"	Ulefone Note 13P",15,0.00%
"	Vivo V2041",15,0.00%
"	Vivo V2061",15,0.00%
"	Vivo Z1 Pro",15,0.00%
"	Vivo vivo 2018",15,0.00%
"	Xiaomi Mi 10i",15,0.00%
"	Xiaomi Mi 11 Pro",15,0.00%
"	Blu M10L",14,0.00%
"	Doogee V20",14,0.00%
"	Huawei HUAWEI MediaPad M5 8.4",14,0.00%
"	LG V20",14,0.00%
"	LG V50 ThinQ",14,0.00%
"	LG WING",14,0.00%
"	Lenovo Legion Pro",14,0.00%
"	Motorola moto g power (2021)",14,0.00%
"	Oppo CPH2179",14,0.00%
"	Razer Phone",14,0.00%
"	Samsung Galaxy S20 5G UW",14,0.00%
"	Ulefone Note 12",14,0.00%
"	Ulefone Note 12P",14,0.00%
"	Unihertz Jelly2",14,0.00%
"	Vivo V2046",14,0.00%
"	Vivo vivo 1818",14,0.00%
"	Vivo vivo 1920",14,0.00%
"	Xiaomi Mi 10 Ultra",14,0.00%
"	Xiaomi Mi 6",14,0.00%
"	realme RMX3771",14,0.00%
"	Blackview BV4900Pro",13,0.00%
"	Honor Pad 8",13,0.00%
"	Poco X6 5G",13,0.00%
"	Realme 11 Pro+ 5G",13,0.00%
"	Redmi Note 8",13,0.00%
"	Samsung Galaxy A21",13,0.00%
"	Samsung Galaxy M20",13,0.00%
"	Samsung Galaxy Tab A (8.0"", 2019)",13,0.00%
"	Ulefone Armor X9 Pro",13,0.00%
"	Blackview BV4900",12,0.00%
"	Cubot C30",12,0.00%
"	Doogee V30T",12,0.00%
"	Doogee X95Pro",12,0.00%
"	Huawei HUAWEI Y6 2018",12,0.00%
"	LG G8 ThinQ",12,0.00%
"	Motorola moto g51 5G",12,0.00%
"	Oneplus 10 Pro 5G",12,0.00%
"	Oneplus Nord N30 5G",12,0.00%
"	Oppo Reno5 F",12,0.00%
"	Oukitel C32 EEA",12,0.00%
"	Realme 10 Pro 5G",12,0.00%
"	Realme 10 Pro+ 5G",12,0.00%
"	Realme 8I",12,0.00%
"	Realme 8S 5G",12,0.00%
"	Redmi A2+",12,0.00%
"	Redmi K40",12,0.00%
"	Samsung Galaxy A40s",12,0.00%
"	Samsung Galaxy F12",12,0.00%
"	Ulefone Armor 8 Pro",12,0.00%
"	Ulefone Note_7P",12,0.00%
"	Ulefone Power Armor X11 Pro",12,0.00%
"	Vivo vivo 1909",12,0.00%
"	Vivo vivo 1919",12,0.00%
"	Vivo vivo 1933",12,0.00%
"	Xiaomi Mi 10S",12,0.00%
"	Asus ROG Phone 7 (AI2205)",11,0.00%
"	Asus ROG Phone ll",11,0.00%
"	BlackBerry MOTION",11,0.00%
"	Doogee S59Pro",11,0.00%
"	Doro DSB-0230",11,0.00%
"	HTC U11+",11,0.00%
"	Huawei Nova 3",11,0.00%
"	LGE G8X ThinQ",11,0.00%
"	Oneplus Nord N20 5G",11,0.00%
"	Oppo A52",11,0.00%
"	Oppo F7",11,0.00%
"	Poco M6 Pro",11,0.00%
"	Poco X4 GT",11,0.00%
"	Realme 7i",11,0.00%
"	Realme C55",11,0.00%
"	Realme narzo 30 5G",11,0.00%
"	Samsung Galaxy M42 5G",11,0.00%
"	Samsung Galaxy Tab A9",11,0.00%
"	Ulefone Power Armor 18T",11,0.00%
"	Vivo V2045",11,0.00%
"	Vivo vivo 1819",11,0.00%
"	Vivo vivo 1901",11,0.00%
"	Vivo vivo 1917",11,0.00%
"	Vodafone Smart X9",11,0.00%
"	Xiaomi Pad 5",11,0.00%
"	Amazon Fire HD 8",10,0.00%
"	Blackview BL6000Pro",10,0.00%
"	Blackview BV5900",10,0.00%
"	Blackview BV9200",10,0.00%
"	Cubot NOTE 20 PRO",10,0.00%
"	Cubot P40",10,0.00%
"	Doogee S88Plus",10,0.00%
"	Motorola motorola one power",10,0.00%
"	Oppo A93",10,0.00%
"	Oppo F9",10,0.00%
"	Oppo Find X3 ‰∏≠ÂõΩÁâà",10,0.00%
"	Oukitel WP5 Pro",10,0.00%
"	Realme C31",10,0.00%
"	Samsung Galaxy A10e",10,0.00%
"	Samsung Galaxy A53 5G UW",10,0.00%
"	Samsung Galaxy A60",10,0.00%
"	Samsung Galaxy A70s",10,0.00%
"	Samsung Galaxy M62",10,0.00%
"	Samsung Galaxy Tab A (2018, 10.5)",10,0.00%
"	Samsung Galaxy Tab S9 5G",10,0.00%
"	Samsung Galaxy Tab S9 Ultra 5G",10,0.00%
"	Tecno Spark 10C",10,0.00%
"	Ulefone Armor 12 5G",10,0.00%
"	Ulefone Power Armor 14",10,0.00%
"	Ulefone Power Armor 19",10,0.00%
"	Vivo V2029",10,0.00%
"	Vivo V2043_21",10,0.00%
"	Vodafone Smart N10",10,0.00%
"	Xiaomi Mi 10T pro",10,0.00%
"	Asus ZenFone 5 (ZE620KL)",9,0.00%
"	Asus ZenFone Max Pro M1 (ZB602KL) (WW) / Max Pro M1 (ZB601KL) (IN)",9,0.00%
"	Blackview BL5000",9,0.00%
"	Blackview BL8800Pro",9,0.00%
"	Blackview BV5300 Pro",9,0.00%
"	Blackview BV7200",9,0.00%
"	Cubot KINGKONG 7",9,0.00%
"	Cubot X19",9,0.00%
"	Doogee S86Pro",9,0.00%
"	Huawei P10 Premium Edition",9,0.00%
"	LG Stylo 6",9,0.00%
"	LG Velvet 5G",9,0.00%
"	LGE V50S ThinQ",9,0.00%
"	Motorola moto g stylus (2023)",9,0.00%
"	Motorola moto g40 fusion",9,0.00%
"	Motorola motorola one 5G ace",9,0.00%
"	OSCAL C30",9,0.00%
"	Oppo A53s",9,0.00%
"	Oppo AX7",9,0.00%
"	Oppo CPH1909",9,0.00%
"	Oppo OPPO Reno5",9,0.00%
"	Oukitel C35 EEA",9,0.00%
"	Poco C65",9,0.00%
"	Realme 5",9,0.00%
"	Realme 9",9,0.00%
"	Realme GT Neo 3T",9,0.00%
"	Redmi 9C NFC",9,0.00%
"	Redmi K50 Pro",9,0.00%
"	Redmi Note 10 pro",9,0.00%
"	Redmi Note 10T 5G",9,0.00%
"	Redmi Note 13 5G",9,0.00%
"	Samsung Galaxy M14 5G",9,0.00%
"	Samsung Galaxy M21 2021 Edition",9,0.00%
"	Samsung Galaxy Tab S9 FE 5G",9,0.00%
"	Sony Xperia 10 Plus",9,0.00%
"	Ulefone Power Armor 16 Pro",9,0.00%
"	Vivo V2058",9,0.00%
"	Acer ACTAB1422",8,0.00%
"	Blackview BV9300",8,0.00%
"	Blackview BV9900E",8,0.00%
"	Blackview Tab11 EA",8,0.00%
"	Cubot CUBOT_POWER",8,0.00%
"	Doogee V10",8,0.00%
"	HTC One Max",8,0.00%
"	HTC U11 life",8,0.00%
"	Huawei HUAWEI P20 Lite",8,0.00%
"	Huawei Nova 4",8,0.00%
"	Infinix Hot 12",8,0.00%
"	LG K8 (2017)",8,0.00%
"	Motorola Moto E5 Play Go",8,0.00%
"	Motorola moto g power 5G - 2023",8,0.00%
"	Motorola moto g stylus (2021)",8,0.00%
"	Motorola motorola one fusion+",8,0.00%
"	Oppo A3s",8,0.00%
"	Oppo A92",8,0.00%
"	Oppo F11",8,0.00%
"	Realme 10",8,0.00%
"	Realme V15 5G",8,0.00%
"	Redmi Note 11S 5G",8,0.00%
"	STK X2",8,0.00%
"	Samsung Galaxy A8 Star",8,0.00%
"	Samsung Galaxy F13",8,0.00%
"	Samsung Galaxy S8 Active",8,0.00%
"	Sony Xperia X Compact",8,0.00%
"	Sony Xperia XA1 Ultra",8,0.00%
"	Tcl 30 Xe 5G",8,0.00%
"	Ulefone Armor_7E",8,0.00%
"	Ulefone Note 10P",8,0.00%
"	Umidigi A5 Pro",8,0.00%
"	Umidigi Power",8,0.00%
"	Vivo V2028",8,0.00%
"	Vivo vivo 1906",8,0.00%
"	Xiaomi MIX 2",8,0.00%
"	Xiaomi Mi 11X Pro",8,0.00%
"	ASUS ZenFone 2 Laser",7,0.00%
"	Acer ACTAB1022",7,0.00%
"	Cat S52",7,0.00%
"	Cubot QUEST",7,0.00%
"	Cubot X70",7,0.00%
"	Doogee N20",7,0.00%
"	Doogee N40Pro",7,0.00%
"	Doogee S40Pro",7,0.00%
"	Google Nexus 6P",7,0.00%
"	HTC U12 Life",7,0.00%
"	Huawei P40 lite 5G",7,0.00%
"	Lenovo Smart Tab M8",7,0.00%
"	Motorola moto g stylus (2022)",7,0.00%
"	OnePlus 9R",7,0.00%
"	Oneplus 10T 5G",7,0.00%
"	Oppo F11 Pro",7,0.00%
"	Oppo Find X3 Pro ‰∏≠ÂõΩÁâà",7,0.00%
"	Oppo OPPO A74 5G",7,0.00%
"	Oppo realme 1",7,0.00%
"	Realme 5i",7,0.00%
"	Realme Narzo 50",7,0.00%
"	Realme narzo 30",7,0.00%
"	Redmi 11 Prime 5G",7,0.00%
"	Redmi K30 Ultra",7,0.00%
"	Redmi K50",7,0.00%
"	Samsung Galaxy F54 5G",7,0.00%
"	Samsung Galaxy G8",7,0.00%
"	Samsung Galaxy J8",7,0.00%
"	Samsung Galaxy Jump",7,0.00%
"	Samsung Galaxy M11",7,0.00%
"	Samsung Galaxy Tab S9+ 5G",7,0.00%
"	Samsung Galaxy Wide5",7,0.00%
"	Sony Xperia XZ Premium",7,0.00%
"	Tecno Camon 20",7,0.00%
"	Ulefone Armor X13",7,0.00%
"	Umidigi A7 Pro",7,0.00%
"	Umidigi S5 Pro",7,0.00%
"	Vivo V2037",7,0.00%
"	Vivo V2055",7,0.00%
"	Vivo Y17",7,0.00%
"	Vivo vivo 1804",7,0.00%
"	Vivo vivo 1820",7,0.00%
"	Vivo vivo 1935",7,0.00%
"	Blackshark SHARK PRS-H0",6,0.00%
"	Blackview BV5200",6,0.00%
"	Cubot KINGKONG 5 Pro",6,0.00%
"	Doogee N30",6,0.00%
"	Doogee X96Pro",6,0.00%
"	Doro DSB-0220",6,0.00%
"	HTC U12+",6,0.00%
"	Huawei Mate 30 Pro",6,0.00%
"	Lenovo Tab M9",6,0.00%
"	Motorola Moto G Stylus",6,0.00%
"	Motorola moto g71 5G",6,0.00%
"	Oppo A1k",6,0.00%
"	Oppo Reno4 Lite",6,0.00%
"	Oppo Reno5 Lite",6,0.00%
"	Poco M4 5G",6,0.00%
"	RED HydrogenONE",6,0.00%
"	Realme C11 2021",6,0.00%
"	Realme C21-Y",6,0.00%
"	Realme Narzo 20 Pro",6,0.00%
"	Realme Narzo 50A",6,0.00%
"	Realme Narzo 50A Prime",6,0.00%
"	Redmi 9C",6,0.00%
"	Redmi K40 Pro",6,0.00%
"	Redmi K50I",6,0.00%
"	Samsung Galaxy A8s",6,0.00%
"	Samsung Galaxy C9 Pro",6,0.00%
"	Samsung Galaxy F14 5G",6,0.00%
"	Samsung Galaxy F22",6,0.00%
"	Samsung Galaxy Fold",6,0.00%
"	Samsung Galaxy Tab S7+",6,0.00%
"	Samsung Galaxy Tab S9 FE+",6,0.00%
"	Tcl Tab Lite",6,0.00%
"	Teracube 2e",6,0.00%
"	Ulefone Armor 10 5G",6,0.00%
"	Ulefone Armor 21",6,0.00%
"	Ulefone Armor 9",6,0.00%
"	Ulefone Armor X5",6,0.00%
"	Ulefone Armor_3W",6,0.00%
"	Ulefone Armor_6E",6,0.00%
"	Unihertz Atom_L",6,0.00%
"	Vivo V2030",6,0.00%
"	Vivo vivo 1716",6,0.00%
"	Asus ROG Phone 6D Ultimate",5,0.00%
"	Asus ZenFone 5Z (ZS620KL) (WW) / 5Z (ZS621KL) (IN)",5,0.00%
"	Blackview A96",5,0.00%
"	Doogee S59",5,0.00%
"	Doogee S95Pro",5,0.00%
"	HUAWEI P smart Plus",5,0.00%
"	Hafury GT20",5,0.00%
"	Huawei HUAWEI Y7 Pro 2019",5,0.00%
"	Huawei HUAWEI Y8s",5,0.00%
"	Huawei P10 Plus",5,0.00%
"	Infinix Hot 40I",5,0.00%
"	Motorola Z3 Play",5,0.00%
"	Motorola moto e(7) power",5,0.00%
"	Motorola moto e5",5,0.00%
"	OnePlus 7T Pro 5G",5,0.00%
"	Oppo A5",5,0.00%
"	Oppo R17",5,0.00%
"	Oppo Reno3 Pro",5,0.00%
"	POCO C3",5,0.00%
"	Poco F3 Gt",5,0.00%
"	Realme C25s",5,0.00%
"	Realme Narzo 30 Pro 5G",5,0.00%
"	Redmi K30 PRO",5,0.00%
"	Redmi Note 13 Pro+",5,0.00%
"	Samsung Galaxy M40",5,0.00%
"	Sony Xperia X",5,0.00%
"	Tcl Stylus 5G",5,0.00%
"	Tecno CAMON 19 Pro",5,0.00%
"	Ulefone Armor X6 Pro",5,0.00%
"	Ulefone Note 10",5,0.00%
"	Ulefone Note 6P",5,0.00%
"	Ulefone Power Armor 18",5,0.00%
"	Vivo V2031",5,0.00%
"	Vivo V9 6GB",5,0.00%
"	Vivo X50 Pro",5,0.00%
"	Vivo vivo 1921",5,0.00%
"	Xiaomi Pad 6",5,0.00%
"	ZTE Blade A51",5,0.00%
"	realme narzo 50 Pro 5G",5,0.00%
"	Asus ZenFone Max Pro M2 (ZB631KL) (WW) / Max Pro M2 (ZB630KL) (IN)",4,0.00%
"	Blackview BL8800",4,0.00%
"	Blackview BV5300",4,0.00%
"	Blackview BV9100",4,0.00%
"	Blackview BV9900",4,0.00%
"	Blackview P10000 Pro",4,0.00%
"	Blu G91",4,0.00%
"	Cubot P50",4,0.00%
"	Cubot Pocket",4,0.00%
"	Doogee S68Pro",4,0.00%
"	Doro 8050",4,0.00%
"	Gigaset GS4",4,0.00%
"	HTC Desire 816",4,0.00%
"	Huawei HUAWEI P smart 2019",4,0.00%
"	Huawei Mate 10 Lite",4,0.00%
"	Huawei Mate 40 Pro",4,0.00%
"	Huawei Nova 4e",4,0.00%
"	Huawei P30 lite",4,0.00%
"	Huawei P40",4,0.00%
"	Huawei P40 Pro Plus",4,0.00%
"	Huawei P8 Lite",4,0.00%
"	Huawei PORSCHE DESIGN HUAWEI Mate RS",4,0.00%
"	Huawei nova 3i",4,0.00%
"	Infinix Hot 30 Play",4,0.00%
"	LG G5",4,0.00%
"	LG K8(2018)",4,0.00%
"	LG Phoenix 4",4,0.00%
"	LGE K61",4,0.00%
"	Lenovo Tab P12",4,0.00%
"	Motorola Moto Z",4,0.00%
"	Motorola moto g(20)",4,0.00%
"	Motorola moto g41",4,0.00%
"	Motorola motorola edge plus",4,0.00%
"	Oppo A12",4,0.00%
"	Oppo A94",4,0.00%
"	Oppo Neo 5",4,0.00%
"	Oppo OPPO A53s 5G",4,0.00%
"	Oppo Reno 10ÂÄçÂèòÁÑ¶Áâà",4,0.00%
"	Oppo Reno Ace",4,0.00%
"	Oppo realme 2 Pro",4,0.00%
"	Oukitel C16 Pro",4,0.00%
"	Oukitel K9",4,0.00%
"	POCO M2",4,0.00%
"	Realme C12",4,0.00%
"	Realme C53",4,0.00%
"	Realme GT Master Edition",4,0.00%
"	Realme Gt Neo 3 150W",4,0.00%
"	Realme Narzo 60 5G",4,0.00%
"	Realme RMX2020",4,0.00%
"	Realme X7 Pro",4,0.00%
"	Redmi K60 Ultra",4,0.00%
"	Redmi Note 11T Pro",4,0.00%
"	Redmi Note 12 Pro+",4,0.00%
"	Samsung Galaxy A6",4,0.00%
"	Samsung Galaxy J7 V",4,0.00%
"	Samsung Galaxy M04",4,0.00%
"	Samsung Galaxy Tab A (2016) with S Pen",4,0.00%
"	Samsung Galaxy Tab A9+ 5G",4,0.00%
"	Samsung Galaxy Tab S5e",4,0.00%
"	Samsung Galaxy Tab S9 FE",4,0.00%
"	Sony Xperia XR",4,0.00%
"	Tcl 40 Nxtpaper",4,0.00%
"	Tecno Spark 9",4,0.00%
"	Ulefone Armor 11T 5G",4,0.00%
"	Ulefone Armor 7",4,0.00%
"	Ulefone Armor X10",4,0.00%
"	Ulefone Armor X12 Pro",4,0.00%
"	Ulefone Armor_7",4,0.00%
"	Umidigi A3X",4,0.00%
"	Unihertz Titan pocket",4,0.00%
"	Vivo V2006",4,0.00%
"	Vivo V2026",4,0.00%
"	Vivo V2035",4,0.00%
"	Vivo V2036",4,0.00%
"	Vivo V2043",4,0.00%
"	Vivo V2056A",4,0.00%
"	Vivo V2060",4,0.00%
"	Vivo vivo 1805",4,0.00%
"	Vivo vivo 1904",4,0.00%
"	Vivo vivo 1938",4,0.00%
"	Xiaomi MI Note 3",4,0.00%
"	Xiaomi Mi 10 Lite Zoom",4,0.00%
"	Xiaomi Mi9 Pro 5G",4,0.00%
"	Zte Blade A31 Plus",4,0.00%
"	Blackview BV5200 Pro",3,0.00%
"	Blackview BV6600",3,0.00%
"	Blackview BV6600Pro",3,0.00%
"	Blackview Tab 13",3,0.00%
"	Blackview Tab12 EEA",3,0.00%
"	Blackview Tab5EEA",3,0.00%
"	Blackview Tab6 EEA",3,0.00%
"	Blackview Tab7Pro_EEA",3,0.00%
"	Cubot C20",3,0.00%
"	Cubot KINGKONG MINI 3",3,0.00%
"	Cubot P60",3,0.00%
"	Doogee N20Pro",3,0.00%
"	Hafury NOTE 10",3,0.00%
"	Huawei Mate 9 Pro",3,0.00%
"	Huawei Nova 7i",3,0.00%
"	Huawei P40 lite E",3,0.00%
"	LG Premier Pro",3,0.00%
"	LG Q7",3,0.00%
"	LGE VELVET",3,0.00%
"	Lava Z50",3,0.00%
"	Lenovo K12 Note",3,0.00%
"	Lenovo Legion 2 Pro",3,0.00%
"	Lenovo Tab M11",3,0.00%
"	Micromax IN_Note1",3,0.00%
"	Motorola Moto Z4",3,0.00%
"	Motorola One 5G Uw Ace",3,0.00%
"	Motorola moto e5 go",3,0.00%
"	Motorola moto g fast",3,0.00%
"	Motorola moto g(50) 5G",3,0.00%
"	Motorola moto g42",3,0.00%
"	Motorola motorola razr",3,0.00%
"	Oppo OPPO Reno5 A",3,0.00%
"	Oppo R15x",3,0.00%
"	Oukitel C18 Pro",3,0.00%
"	Realme 11 Pro+",3,0.00%
"	Realme C11",3,0.00%
"	Realme C25Y",3,0.00%
"	Realme GT NEO 3 150W",3,0.00%
"	Realme GT Neo Flash",3,0.00%
"	Realme Gt5 Pro",3,0.00%
"	Realmegt Neo5 240W",3,0.00%
"	Redmi 10X",3,0.00%
"	Redmi 11 Prime",3,0.00%
"	Redmi K30 5G",3,0.00%
"	Redmi K50G",3,0.00%
"	Redmi K60 Pro",3,0.00%
"	Redmi Note 11 Pro+",3,0.00%
"	Samsung Galaxy A8(2018)",3,0.00%
"	Samsung Galaxy F34 5G",3,0.00%
"	Samsung Galaxy J7 Duo",3,0.00%
"	Samsung Galaxy M02",3,0.00%
"	Samsung Galaxy M13 5G",3,0.00%
"	Samsung Galaxy S7 Active",3,0.00%
"	Samsung Galaxy Tab A (8.4"", 2020)",3,0.00%
"	Samsung Galaxy Tab Active3",3,0.00%
"	Samsung Galaxy Tab S7",3,0.00%
"	Samsung Galaxy Tab S7+ 5G",3,0.00%
"	Sky Pad10Max",3,0.00%
"	Tcl 40Xl",3,0.00%
"	Tecno CAMON 20 Pro",3,0.00%
"	Tecno Spark 10 Pro",3,0.00%
"	Ulefone Armor 11 5G",3,0.00%
"	Ulefone Armor 15",3,0.00%
"	Ulefone Armor 24",3,0.00%
"	Ulefone Armor X5 Pro",3,0.00%
"	Ulefone Armor X8i",3,0.00%
"	Ulefone Power Armor 19T",3,0.00%
"	Vivo V1911A",3,0.00%
"	Vivo V1981A",3,0.00%
"	Vivo V2055A",3,0.00%
"	Vivo vivo 1806",3,0.00%
"	Vivo vivo 1808",3,0.00%
"	Vivo vivo 1915",3,0.00%
"	Xiaomi Redmi 5",3,0.00%
"	ZTE Blade A5 2019",3,0.00%
"	ZTE Blade A5 2020",3,0.00%
"	Zte Blade A72S",3,0.00%
"	Acer ATLTE1022",2,0.00%
"	Asus ROG Phone 8 series",2,0.00%
"	Asus ZenFone 4 Max (ZC554KL)",2,0.00%
"	Blackshark Black shark 4 pro",2,0.00%
"	Blackview A20 Pro",2,0.00%
"	Blackview Tab 8 WiFi",2,0.00%
"	Blackview Tab12Pro_EEA",2,0.00%
"	Blackview Tab15Pro_EEA",2,0.00%
"	Blu J9L",2,0.00%
"	Blu M8L 2022",2,0.00%
"	Cat S62",2,0.00%
"	Cubot KINGKONG 5",2,0.00%
"	Cubot KING_KONG_3",2,0.00%
"	Doogee S40",2,0.00%
"	Doogee S86",2,0.00%
"	Doogee T10",2,0.00%
"	Doogee U10",2,0.00%
"	Elephone E10",2,0.00%
"	Emporia E6 EEA",2,0.00%
"	Gigaset GS290",2,0.00%
"	Google Nexus 7",2,0.00%
"	Huawei HUAWEI Y5 2018",2,0.00%
"	Huawei HUAWEI Y7 2018",2,0.00%
"	Huawei HUAWEI Y7 2019",2,0.00%
"	Huawei Mate 20 Lite",2,0.00%
"	Huawei Nova 2 Lite",2,0.00%
"	Huawei nova 3",2,0.00%
"	Infinix HOT 20S",2,0.00%
"	Infinix HOT 20i",2,0.00%
"	Infinix Smart 7",2,0.00%
"	Infinix ZERO 30 5G",2,0.00%
"	Infinix Zero 20",2,0.00%
"	Itel P15",2,0.00%
"	LG Fortune 2",2,0.00%
"	LG G7",2,0.00%
"	LG K30",2,0.00%
"	LG K30 (2019)",2,0.00%
"	LG K40",2,0.00%
"	LG Rebel 4",2,0.00%
"	LG Stylo 5",2,0.00%
"	LGE K92",2,0.00%
"	LGE LG V50 ThinQ",2,0.00%
"	LGE V40 ThinQ",2,0.00%
"	Lenovo K5X",2,0.00%
"	Lenovo Z5",2,0.00%
"	Motorola Moto G Power",2,0.00%
"	Motorola Moto G7 Supra",2,0.00%
"	Motorola Moto Z3 Play",2,0.00%
"	Motorola motorola one vision plus",2,0.00%
"	Myphone Hammer Energy 18x9",2,0.00%
"	Nuu X6mini",2,0.00%
"	OSCAL Pad_10_EEA",2,0.00%
"	OnePlus 3T",2,0.00%
"	OnePlus 8 5G",2,0.00%
"	OnePlus 8 5G UW",2,0.00%
"	Oppo A7",2,0.00%
"	Oppo A9 ‰∏≠ÂõΩÁâà",2,0.00%
"	Oppo Find X",2,0.00%
"	Oppo Find X2 Pro ‰∏≠ÂõΩÁâà",2,0.00%
"	Oppo Find X2 ‰∏≠ÂõΩÁâà",2,0.00%
"	Oppo OPPO Reno5 Pro+ 5G",2,0.00%
"	Oppo R11",2,0.00%
"	Oppo R15 Pro",2,0.00%
"	Oppo R15 ‰∏≠ÂõΩÁâà",2,0.00%
"	Oppo R15 Ê¢¶Â¢ÉÁâà",2,0.00%
"	Oppo Reno3",2,0.00%
"	Oppo Reno5 Pro 5G",2,0.00%
"	Oukitel C25 EEA",2,0.00%
"	Oukitel K7_Pro",2,0.00%
"	Oukitel WP10",2,0.00%
"	Oukitel WP6",2,0.00%
"	Oukitel WP7",2,0.00%
"	Oukitel WP8_Pro",2,0.00%
"	Palm PVG100",2,0.00%
"	Poco C31",2,0.00%
"	Poco C51",2,0.00%
"	ROKiT IO Pro",2,0.00%
"	Realme 11 5G",2,0.00%
"	Realme 11X 5G",2,0.00%
"	Realme 12 Pro+ 5G",2,0.00%
"	Realme C25",2,0.00%
"	Realme C30",2,0.00%
"	Realme C51",2,0.00%
"	Realme GT Neo2T",2,0.00%
"	Realme GT2 Master Exploer Edition",2,0.00%
"	Redmi 13C 5G",2,0.00%
"	Redmi 9A",2,0.00%
"	Redmi K30",2,0.00%
"	Redmi Note 11 5G",2,0.00%
"	Redmi Note 11E",2,0.00%
"	Redmi Note 11T Pro+",2,0.00%
"	Redmi Note 12 5G",2,0.00%
"	Samsung Galaxy A8 (2018)",2,0.00%
"	Samsung Galaxy A9 (2018)",2,0.00%
"	Samsung Galaxy C5 Pro",2,0.00%
"	Samsung Galaxy J4 Core",2,0.00%
"	Samsung Galaxy J6 Plus",2,0.00%
"	Samsung Galaxy M02s",2,0.00%
"	Samsung Galaxy S6",2,0.00%
"	Samsung Galaxy Tab Active2",2,0.00%
"	Samsung Galaxy Tab S 10.5",2,0.00%
"	Samsung Galaxy Tab S7 FE 5G",2,0.00%
"	Samsung Galaxy Wide4",2,0.00%
"	Samsung ‰∏âÊòüW20",2,0.00%
"	Sony Xperia XA1 Plus",2,0.00%
"	Sony Xperia XA2 Plus",2,0.00%
"	Symphony ATOM",2,0.00%
"	TCL TAB 10s 4G",2,0.00%
"	Tcl Tab 10L Gen 2",2,0.00%
"	Tecno CAMON 19 Pro 5G",2,0.00%
"	Tecno CAMON 20 Pro 5G",2,0.00%
"	Tecno SPARK 10 5G",2,0.00%
"	Ulefone Armor 12S",2,0.00%
"	Ulefone Armor 20WT",2,0.00%
"	Ulefone Armor 8",2,0.00%
"	Ulefone Armor X9",2,0.00%
"	Ulefone Power 5",2,0.00%
"	Umidigi A3_Pro",2,0.00%
"	Umidigi BISON GT EEA",2,0.00%
"	Umidigi G2_Tab_Kids",2,0.00%
"	VASOUN TAB12",2,0.00%
"	Vivo V1836A",2,0.00%
"	Vivo V1930",2,0.00%
"	Vivo V1962A",2,0.00%
"	Vivo V2020A",2,0.00%
"	Vivo V2038",2,0.00%
"	Vivo V2049A",2,0.00%
"	Vivo V2068",2,0.00%
"	Vivo V2121A",2,0.00%
"	Vivo V9",2,0.00%
"	Vivo vivo 1811",2,0.00%
"	Vivo vivo 1913",2,0.00%
"	Xiaomi MIX 2S",2,0.00%
"	ZTE Axon 30 Ultra 5G",2,0.00%
"	ZTE Blade X2 Max",2,0.00%
"	bq Aquaris X Pro",2,0.00%
"	realme Q3s",2,0.00%
"	realme realme10 Pro+",2,0.00%
"	ASUS Zenfone 3",1,0.00%
"	Acer ACTAB1024",1,0.00%
"	Acer ACTAB1123",1,0.00%
"	Alcatel 3V",1,0.00%
"	Alldocube iPlay 20",1,0.00%
"	Alldocube iPlay 40H",1,0.00%
"	Alldocube iPlay50 Pro",1,0.00%
"	Asus ROG Phone",1,0.00%
"	Asus ZenFone V Live",1,0.00%
"	BYYBUO SmartPad_T10_EU",1,0.00%
"	BlackBerry Evolve",1,0.00%
"	Blackshark KLE-H0",1,0.00%
"	Blackview BV5100",1,0.00%
"	Blackview BV5100Pro",1,0.00%
"	Blackview BV9000 Pro-F",1,0.00%
"	Blackview BV9600",1,0.00%
"	Blackview BV9600Pro",1,0.00%
"	Blackview Tab 60",1,0.00%
"	Blackview Tab11SE_EEA",1,0.00%
"	Blackview Tab16_EEA",1,0.00%
"	Blackview Tab8_ROW",1,0.00%
"	Blackview Tab_7_WiFi_EEA",1,0.00%
"	Blu B140DL",1,0.00%
"	Blu BOLD N2",1,0.00%
"	Blu F91 5G",1,0.00%
"	Blu G71",1,0.00%
"	Blu G90 PRO",1,0.00%
"	Blu S91",1,0.00%
"	Blu Vivo XL4",1,0.00%
"	Casper VIA_E3_0",1,0.00%
"	Crosscall Core-X4",1,0.00%
"	Cubot KINGKONG MINI2 Pro",1,0.00%
"	Cubot MAX  2",1,0.00%
"	Cubot P30",1,0.00%
"	Cubot QUEST LITE",1,0.00%
"	Cubot X19_S",1,0.00%
"	Cubot X20",1,0.00%
"	Doogee N10",1,0.00%
"	Doogee S35",1,0.00%
"	Doogee S90Pro",1,0.00%
"	Doogee X96",1,0.00%
"	Doogee Y9Plus",1,0.00%
"	Doro Tablet",1,0.00%
"	EL D60_Pro",1,0.00%
"	Fxtec QX1000",1,0.00%
"	Gionee M12",1,0.00%
"	Gionee M15",1,0.00%
"	Gionee P15 Pro",1,0.00%
"	HOMTOM P30 pro",1,0.00%
"	HTC Desire 12+",1,0.00%
"	HTC U Ultra",1,0.00%
"	HTC U19e",1,0.00%
"	Hafury K30",1,0.00%
"	Hafury K30 PRO",1,0.00%
"	Hisense A5",1,0.00%
"	Hisense A6L",1,0.00%
"	Hisense Infinity H50",1,0.00%
"	Huawei Enjoy 8",1,0.00%
"	Huawei Enjoy MAX",1,0.00%
"	Huawei HUAWEI Mate 20 Pro",1,0.00%
"	Huawei HUAWEI Mate SE",1,0.00%
"	Huawei HUAWEI P smart",1,0.00%
"	Huawei HUAWEI Y6 Prime 2018",1,0.00%
"	Huawei Honor 5X",1,0.00%
"	Huawei MAIMANG 7",1,0.00%
"	Huawei Mate 20 RS",1,0.00%
"	Huawei Mate XS",1,0.00%
"	Huawei MediaPad T5",1,0.00%
"	Huawei Nova 3e",1,0.00%
"	Huawei P10",1,0.00%
"	Huawei P10 lite",1,0.00%
"	Huawei P8 Lite 2017",1,0.00%
"	Huawei Y6",1,0.00%
"	Huawei Y6p",1,0.00%
"	Infinix HOT 20 PLAY",1,0.00%
"	Infinix HOT 30 5G",1,0.00%
"	Infinix Smart 8",1,0.00%
"	Kyocera DuraForce Pro 2",1,0.00%
"	LG G4",1,0.00%
"	LG G7 ThinQ",1,0.00%
"	LG K20",1,0.00%
"	LG Solo LTE",1,0.00%
"	LG V35 ThinQ",1,0.00%
"	LGE K51S",1,0.00%
"	LGE K52",1,0.00%
"	LGE V20",1,0.00%
"	LGE V30+",1,0.00%
"	LGE V50 ThinQ",1,0.00%
"	Leagoo S11",1,0.00%
"	Lenovo K8 Plus",1,0.00%
"	Lenovo S5 Pro",1,0.00%
"	Lenovo TAB4 8",1,0.00%
"	Lenovo TBD",1,0.00%
"	Lenovo Tab Extreme",1,0.00%
"	Lenovo Z6 Pro",1,0.00%
"	Logicom Le Prime",1,0.00%
"	Meberry M6",1,0.00%
"	Meberry M7",1,0.00%
"	Meizu meizu M10",1,0.00%
"	Micromax IN1b",1,0.00%
"	Motorola Moto E5 Plus",1,0.00%
"	Motorola Moto G4",1,0.00%
"	Motorola Moto G6 Play",1,0.00%
"	Motorola Moto Z(3)",1,0.00%
"	Motorola moto e22i",1,0.00%
"	Motorola moto g(8) play",1,0.00%
"	Motorola moto g52j 5G",1,0.00%
"	Motorola moto g53j 5G",1,0.00%
"	Motorola motorola edge s",1,0.00%
"	Motorola motorola one 5G UW",1,0.00%
"	Motorola motorola one fusion",1,0.00%
"	MyPhone Hammer IRON 3 LTE",1,0.00%
"	OnePlus 8T+ 5G",1,0.00%
"	OnePlus One",1,0.00%
"	Oppo A3‰∏≠ÂõΩÁâà",1,0.00%
"	Oppo A53 5G",1,0.00%
"	Oppo A7x ‰∏≠ÂõΩÁâà",1,0.00%
"	Oppo A91",1,0.00%
"	Oppo A9x",1,0.00%
"	Oppo CPH2161",1,0.00%
"	Oppo K3",1,0.00%
"	Oppo R11st",1,0.00%
"	Oppo Reno 2 ‰∏≠ÂõΩÁâà",1,0.00%
"	Oppo Reno A",1,0.00%
"	Oppo Reno Ace2",1,0.00%
"	Oppo Reno Ê†áÂáÜÁâà",1,0.00%
"	Oppo Reno3 5G ‰∏≠ÂõΩÁâà",1,0.00%
"	Oppo Reno3 A",1,0.00%
"	Oppo Reno3 Pro 5G‰∏≠ÂõΩÁâà",1,0.00%
"	Oukitel K12",1,0.00%
"	Poco M6 Pro 5G",1,0.00%
"	Realme 10 Pro",1,0.00%
"	Realme 9I 5G",1,0.00%
"	Realme C15 Qualcomm Edition",1,0.00%
"	Realme C17",1,0.00%
"	Realme C3",1,0.00%
"	Realme C30S",1,0.00%
"	Realme C33",1,0.00%
"	Realme Gt Neo 3",1,0.00%
"	Realme Gt3 240W",1,0.00%
"	Realme Narzo 50I Prime",1,0.00%
"	Realme Narzo N53",1,0.00%
"	Realme Q3 5G",1,0.00%
"	Realme X50 5G ÁßªÂä®Áâà",1,0.00%
"	Realme X50 Pro Play",1,0.00%
"	Realme narzo 30A",1,0.00%
"	Realmegt Neo5",1,0.00%
"	Redmi 10A Sport",1,0.00%
"	Redmi 10X Pro",1,0.00%
"	Redmi K30S Ultra",1,0.00%
"	Redmi K40 Gaming",1,0.00%
"	Redmi K40S",1,0.00%
"	Redmi Note 10 Je",1,0.00%
"	Redmi Note 11E Pro",1,0.00%
"	Redmi Note 12T Pro",1,0.00%
"	Redmi Note 13 Pro",1,0.00%
"	Redmi Note 9",1,0.00%
"	Redmi Pad Se",1,0.00%
"	Reeder P13 Blue Max 128 GB 2022",1,0.00%
"	STK X3",1,0.00%
"	Samsung Galaxy C7",1,0.00%
"	Samsung Galaxy F52 5G",1,0.00%
"	Samsung Galaxy J3",1,0.00%
"	Samsung Galaxy J3 V",1,0.00%
"	Samsung Galaxy J7 Sky Pro",1,0.00%
"	Samsung Galaxy Jean2",1,0.00%
"	Samsung Galaxy M10s",1,0.00%
"	Samsung Galaxy Quantum2",1,0.00%
"	Samsung Galaxy S5",1,0.00%
"	Samsung Galaxy S7 Edge Duos",1,0.00%
"	Samsung Galaxy S7 LTE-A",1,0.00%
"	Samsung Galaxy Tab A 8",1,0.00%
"	Samsung Galaxy Tab A SM-T380",1,0.00%
"	Samsung Galaxy Tab Active4 Pro 5G",1,0.00%
"	Samsung Galaxy Tab S4",1,0.00%
"	Samsung Galaxy Tab S6",1,0.00%
"	Samsung Galaxy Tab S9 FE+ 5G",1,0.00%
"	Sharp AQUOS R6",1,0.00%
"	Sharp AQUOS sense5G",1,0.00%
"	Sharp SHARP AQUOS C10",1,0.00%
"	Sony Xperia Ace III",1,0.00%
"	Sony Xperia XZs",1,0.00%
"	Sony Xperia Z",1,0.00%
"	TCL 10 Plus",1,0.00%
"	TCL 10 SE",1,0.00%
"	TCL GO5c",1,0.00%
"	TCL PLEX",1,0.00%
"	TCL TAB 10s",1,0.00%
"	Tecno PHANTOM V  Fold",1,0.00%
"	Tecno SPARK 7",1,0.00%
"	Tecno SPARK Go 2024",1,0.00%
"	Tecno Spark 10",1,0.00%
"	Tecno Spark 20 Pro",1,0.00%
"	Tecno Spark 9T",1,0.00%
"	Teracube_One",1,0.00%
"	Ulefone Armor 6",1,0.00%
"	Ulefone Armor 9E",1,0.00%
"	Ulefone Armor X",1,0.00%
"	Ulefone Armor_6S",1,0.00%
"	Ulefone Note 15",1,0.00%
"	Umidigi A3S",1,0.00%
"	Unihertz Atom",1,0.00%
"	Unihertz Atom_XL",1,0.00%
"	Vernee M7_EEA",1,0.00%
"	Vernee T3 Pro",1,0.00%
"	Vernee V2 Pro",1,0.00%
"	Vivo V1914A",1,0.00%
"	Vivo V1924A",1,0.00%
"	Vivo V1938A",1,0.00%
"	Vivo V1938CT",1,0.00%
"	Vivo V2001A",1,0.00%
"	Vivo V2005A",1,0.00%
"	Vivo V2011A",1,0.00%
"	Vivo V2012A",1,0.00%
"	Vivo V2026_21",1,0.00%
"	Vivo V2031_21",1,0.00%
"	Vivo V2046A",1,0.00%
"	Vivo V2047",1,0.00%
"	Vivo V2047A",1,0.00%
"	Vivo V2065",1,0.00%
"	Vivo V2069",1,0.00%
"	Vivo V2072A",1,0.00%
"	Vivo V2073A",1,0.00%
"	Vivo V2102",1,0.00%
"	Vivo V2108",1,0.00%
"	Vivo V2111A",1,0.00%
"	Vivo V2118A",1,0.00%
"	Vivo Y97",1,0.00%
"	Vivo vivo 1718",1,0.00%
"	Vivo vivo 1726",1,0.00%
"	Vivo vivo 1802",1,0.00%
"	Vivo vivo 1807",1,0.00%
"	Vivo vivo 1814",1,0.00%
"	Vivo vivo 1916",1,0.00%
"	Vivo vivo 2015",1,0.00%
"	Vivo vivo NEX S",1,0.00%
"	Vivo vivo X21A",1,0.00%
"	WHOOP TAB 8US2",1,0.00%
"	Walton Primo H10",1,0.00%
"	Wiko View5",1,0.00%
"	Wiko View6 Lite",1,0.00%
"	Xiaomi MI  PLAY",1,0.00%
"	Xiaomi MI 6X",1,0.00%
"	Xiaomi MI 8 SE",1,0.00%
"	Xiaomi Mi 5s Plus",1,0.00%
"	Xiaomi Mi Note2",1,0.00%
"	Xiaomi Redmi  Go",1,0.00%
"	Xiaomi Redmi 6 Pro",1,0.00%
"	Xiaomi Redmi 6A",1,0.00%
"	ZTE A2019G Pro",1,0.00%
"	ZTE A7030",1,0.00%
"	ZTE Axon 11",1,0.00%
"	ZTE Axon 30 5G",1,0.00%
"	ZTE BLADE V0920",1,0.00%
"	ZTE Blade A7 2019",1,0.00%
"	ZTE Blade V10 Vita",1,0.00%
"	ZTE ZR01",1,0.00%
"	Zte Blade A32",1,0.00%
"	Zte Blade A73",1,0.00%
"	realme RMX3269",1,0.00%